id,declarant1.nom,declarant1.nomNaissance,declarant1.prenoms,declarant1.dob,declarant2.nom,declarant2.nomNaissance,declarant2.prenoms,declarant2.dob,adress.ligne1,adress.ligne2,anneeImpots,anneeRevenus,dateRecouvrement,dateEtablissement,nombreParts,situationFamiliale,nombreDePersonneACharge,revenuBrutGlobal,revenuImposable,impotsNetAvantCorrections,impots,revenuFiscalReference
12+15,Martin,Martin,Pierre,22/03/1985,Martin,Honore,Marie,03/04/1986,12 rue Balzac,75008 Paris,2016,2015,10/10/2015,08/07/2015,2,Marié(e)s,2,29 880 €,29 880 €,2 165 €,2 165 €,29 880 €
1562456789521+1512456789521,Badul,Badul,Florent,10/12/1980,Baude,Baude,Marelene,10/12/1981,12 QUAI JOSEPH GILLET,69004 LYON,2016,2015,08/07/2015,10/10/2015,2.5,Marié(e)s,1,32 698 €,32 698 €,2 230 €,2 230 €,32 698 €
1572456789521+1522456789521,Beldanne,Beldanne,GUILLAUME,12/11/1980,,,,,12 RUE LITTRE,69009 LYON,2016,2015,07/09/2015,10/11/2015,2.5,Divorcé(e),2,43 596 €,43 596 €,3 425 €,3 425 €,43 596 €
1582456789521+1532456789521,Marouch,Marouch,DJAMEL,12/12/1980,Hamouche,Hamouche,DJAMILA,12/12/1981,12 RUE IMBERT COLOMES,69001 LYON,2016,2015,07/10/2015,10/12/2015,4,Marié(e)s,3,15 682 €,15 682 €,1 235 €,1 235 €,15 682 €
1592456789521+1542456789521,Feidhich,Feidhich,RACHID,13/12/1980,,,,,12 RUE LOUIS THEVENET,69004 LYON,2016,2015,10/10/2015,08/07/2015,4,Divorcé(e),4,12 358 €,12 358 €,585€,585€,12 358 €
1582453447825+1569055799793,Bamgera,Bamgera,NICOLAS,22/03/1985,Marin,Marin,Agathe,,42 RUE ANTOINE LUMIERE,69008 LYON,2016,2015,31/07/2015,15/07/2015,3,Marié(e)s,2,72 859 €,72 859 €,7 564 €,4 922 €,72 859 €
1582453557825+1569021358783,DJORN,DJORN,ROMAIN,14/08/1964,,,,,28 cours lafayette,69003 lyon,2016,2015,24/07/2015,16/08/2015,1.25,Célibataire,0.5,9 455 €,9 455 €,0 €,0 €,9 455 €
1566453667825+1569095453648,NOIR,NOIR,CHARLINE,22/01/1982,,,,,28 cours lafayette,69003 lyon,2016,2015,24/07/2015,16/07/2015,1.25,Célibataire,0.5,20 231 €,20 231 €,876€,459€,20 231 €
1593453567825+1569078912687,BANOL,BANOL,JULIEN,11/07/1980,,,,,41 rue du bon pasteur,69001 Lyon,2016,2015,13/07/2015,13/07/2015,2.5,Célibataire,2,24 963 €,24 963 €,429€,0 €,24 963 €
1593453567825+1569038912682,KENDAL,KENDAL,MARJOLAINE,19/04/1980,,,,,41 rue du bon pasteur,69001 Lyon,2016,2015,13/07/2015,13/07/2015,2,Célibataire,1,13 409 €,13 409 €,0 €,0 €,13 409 €
1585389447825+1569055677895,RAFT,RAFT,GERALDINE,06/05/1979,,,,,102 MONTEE DE LA GRANDE COTE,69001 Lyon,2016,2015,13/07/2015,13/07/2015,2,Célibataire,1,10 250 €,10 250 €,0 €,0 €,10 250 €
1583845647825+1569099488956,CAITA,CAITA,EMMANUEL,12/05/1981,,,,,102 MONTEE DE LA GRANDE COTE,69001 Lyon,2016,2015,13/07/2015,13/07/2015,2,Célibataire,1,18 204 €,18 204 €,0 €,0 €,18 204 €
25+1625,Chabotte,Chabotte,Henri,16/02/1949,Chabotte,Allauge,Madeleine,03/06/1945,5 rue du Tacot,25660 Montrond-le-Château,2016,2015,13/07/2016,13/07/2016,2,Marié(e)s,0,16 550 €,16 550 €,0 €,0 €,16 550 €
1682453447251+1669051442251,Lévesque,Adrien,Emile,22/03/1985,Lévesque,Mailly,Liane,01/12/1973,3 Rue Jean Jaurès,25500 Morteau,2016,2015,10/10/2016,08/07/2016,2,Marié(e)s,2,18 410 €,18 410 €,2 165 €,2 165 €,18 410 €
1682453447252+1669051442252,Tessier,Tessier,Prunella,19/09/1954,,,,,1 Rue des Marronniers,25500 Morteau,2016,2015,10/10/2016,08/07/2016,1,Célibataire,1,18 409 €,18 409 €,2 165 €,2 165 €,18 409 €
1682453447253+1669051442253,Duval,Couet,Guillaume,13/08/1967,Duval,Duval,Mélodie,24/11/1967,1 Rossignier Haut,25570 Grand'Combe-Châteleu,2016,2015,10/10/2016,08/07/2016,2,Marié(e)s,2,21 000 €,21 000 €,2 165 €,2 165 €,21 000 €
1682453447254+1669051442254,Beausoleil,Beausoleil,Henri,13/08/1967,Beausoleil,Cervántez,Armina,01/08/1947,34 Rue du Petit Chenois,25200 Montbéliard,2016,2015,10/10/2016,08/07/2016,2,Marié(e)s,2,26 922 €,26 922 €,2 165 €,2 165 €,26 922 €
1682453447331+1669051442331,Adamski,Adamski,Benoît,23/11/1964,,,,,15 Rue d’Auriol,31400 Toulouse,2016,2015,21/08/2016,11/06/2016,3,Célibataire,4,33 775 €,33 775 €,731€,731€,33 775 €
1682453447332+1669051442332,Vallée,Vallée,Bruno,23/11/1979,Vallée,Cazares Aguirre,Valentina,11/08/1973,16 Rue de l'Europe,31140 Aucamville,2016,2015,21/08/2016,11/06/2016,3.5,Marié(e)s,3,43 296 €,43 296 €,1 432 €,1 432 €,43 296 €
1682453447333+1669051442333,Lombardo,Lombardo,René,23/11/1953,Lombardo,Petibon,Jaqueline,11/08/1954,61 Boulevard des Pyrénées,31370 Rieumes,2016,2015,21/08/2016,11/06/2016,4,Marié(e)s,4,38 031 €,38 031 €,1 132 €,1 132 €,38 031 €
1682453447334+1669051442334,Fiedler,Fiedler,Luc,11/11/1984,Grandjean,Grandjean,Ismane,21/02/1985,15 Rue Spont,31110 Bagnères-de-Luchon,2016,2015,21/08/2016,11/06/2016,4,Marié(e)s,4,48 751 €,48 751 €,1 432 €,1 432 €,48 751 €
1682453447621+1669051442621,Kalb,Kalb,Sabrina,11/11/1983,,,,,4 Rue Camille Pissarro,62000 Arras,2016,2015,21/08/2016,11/06/2016,1,Célibataire,1,18 876 €,18 876 €,0 €,0 €,18 876 €
1682453447622+1669051442622,Jarir,Jarir,Sammy,15/02/1987,,,,,18 Rue Wallet,62200 Boulogne-sur-Mer,2016,2015,21/08/2016,11/06/2016,1,Célibataire,1,4 394 €,4 394 €,0 €,0 €,4 394 €
1682453447623+1669051442623,Panetier,Panetier,Raymond,18/11/1955,Panetier,Allard,Yseult,13/01/1956,77B Rue Voltaire,62100 Calais,2016,2015,21/08/2016,11/06/2016,2.5,Marié(e)s,1,25 258 €,25 258 €,0 €,0 €,25 258 €
1682453447624+1669051442624,Cruz Baeza,Cruz Baeza,Roxanne,13/04,,,,,18 Rue du Général Potez,62170 Montreuil,2016,2015,21/08/2016,11/06/2016,1,Célibataire,1,20 000 €,20 000 €,0 €,0 €,20 000 €
88+1688,Durano,Durano,Emile,22/03/1985,Durano,Martin,Marianne,03/04/1986,14 rue du Ponant,88000 Epinal,2016,2015,10/10/2016,08/07/2016,2,Marié(e)s,2,29 880 €,29 880 €,2 165 €,2 165 €,29 880 €
1682453447881+1669051442881,Gareau,Gareau,Idris,01/04/1971,Hactel,Hactel,Yanis,04/02/1978,13 Rue des Chênes,68800 Vieux-Thann,2016,2015,13/07/2016,13/07/2016,3,Marié(e)s,2,25 256 €,25 256 €,2 165 €,2 165 €,25 256 €
1682453447882+1669051442882,Landry,Landry,Alphonse,06/05/1979,Landry,Corbin,Éloïse,03/06/1975,5 Rue Charles Derise,88500 Mirecourt,2016,2015,13/07/2016,13/07/2016,2,Marié(e)s,1,32 376 €,32 376 €,2 165 €,2 165 €,32 376 €
1682453447883+1669051442883,Moreau,Moreau,Denis,01/04/1971,Moreau,Guilmette,Sabine,19/11/1983,1 Rue de la Victoire,68700 Wattwiller,2016,2015,13/07/2016,13/07/2016,3,Marié(e)s,3,29 505 €,29 505 €,2 165 €,2 165 €,29 505 €
1682453447884+1669051442884,Fouquet,Fouquet,Soren,01/04/1978,Quessy,Quessy,Mireille,19/11/1982,1 Rue de la Gare,88310 Cornimont,2016,2015,13/07/2016,13/07/2016,3,Marié(e)s,3,37 825 €,37 825 €,2 665 €,2 665 €,37 825 €
95+1695,RAFU,RAFU,Caroline,06/05/1979,,,,,27 rue des Ecoles,95610 Eragny,2016,2015,13/07/2016,13/07/2016,2,Célibataire,1,10 250 €,10 250 €,0 €,0 €,10 250 €
952+16952,SAFO,SAFO,Jean-Pierre,06/05/1979,SAFO,Alloui,Christelle,03/06/1975,1 boulevard Jacques Tête,95300 Pontoise,2016,2015,13/07/2016,13/07/2016,2,Marié(e)s,0,16 550 €,16 550 €,0 €,0 €,16 550 €
1682453447951+1669051442951,Mailloux,Mailloux,Jay,14/02/1945,,,,,1 Rue des Frères Rousse,95780 La Roche-Guyon,2016,2015,13/07/2016,13/07/2016,1,Célibataire,1,19 875 €,19 875 €,0 €,0 €,19 875 €
1682453447952+1669051442952,Cruz,Cruz,Albert,06/05/1947,Cruz,Querry,Denise,03/06/1945,10 Cours du Puits,95690 Labbeville,2016,2015,13/07/2016,13/07/2016,2,Marié(e)s,0,35 509 €,35 509 €,992€,992€,35 509 €
1682453447953+1669051442953,Vela Cotto,Pabst,Swen,28/11/1990,Vela Cotto,Vela Cotto,Alegra,03/03/1988,14 Avenue du Dr Charles Fritz,95290 L'Isle-Adam,2016,2015,18/09/2016,11/06/2016,4,Marié(e)s,4,38 031 €,38 031 €,0 €,0 €,38 031 €
1682453447954+1669051442954,Loiseau,Loiseau,Marc,23/11/1979,Ijlal Shamon,Ijlal Shamon,Lucie,21/09/1977,7 Rue de la Pierre Miclare,95000 Cergy,2016,2015,13/08/2016,11/06/2016,4,Marié(e)s,4,48 751 €,48 751 €,1 123 €,1 123 €,48 751 €
1000000000000+1000000000000,Maigret,Maigret,Jules,01/01/1970,Maigret,Maigrette,Juliette,01/01/1970,123 Rue Bidon,12345 Condat,2015,2014,21/08/2015,11/06/2015,2,Marié,2,20 000 €,20 000 €,0 €,0 €,1 500 €
1000000000099+1000000000099,Poirot,Poirot,Hercule,01/01/1970,Poirot,Poirotte,Agatha,01/01/1970,123 Rue Bidon,12345 Condat,2016,2015,21/08/2016,11/06/2016,1,Marié,1,20 000 €,20 000 €,0 €,0 €,Non renseigné
1000000000001+1000000000001,Burma,Burma,Nestor,01/01/1970,Burma,Burmama,Amande,01/01/1970,123 Rue Bidon,12345 Condat,2016,2015,21/08/2016,11/06/2016,1,Marié,0,20 000 €,20 000 €,0 €,0 €,10 000 €
1000000000002+1000000000002,Marcas,Marcas,Antoine,01/01/1970,,,,,123 Rue Bidon,12345 Condat,2016,2015,21/08/2016,11/06/2016,1,Divorcé,1,20 000 €,20 000 €,0 €,0 €,13 500 €
1000000000003+1000000000003,Reilly,Reilly,Sean,01/01/1970,,,,,123 Rue Bidon,12345 Condat,2016,2015,21/08/2016,11/06/2016,1,Divorcé,1,20 000 €,20 000 €,0 €,0 €,5 299 €
1000000000004+1000000000004,Chaykin,Chaykin,Tess,01/01/1970,,,,,123 Rue Bidon,12345 Condat,2016,2015,21/08/2016,11/06/2016,1,Divorcé,0,20 000 €,20 000 €,0 €,0 €,2 000 €
1000000000005+1000000000005,Bolitar,Bolitar,Myron,01/01/1970,,,,,123 Rue Bidon,12345 Condat,2016,2015,21/08/2016,11/06/2016,2,Divorcé,2,20 000 €,20 000 €,0 €,0 €,2 100 €
1000000000006+1000000000006,Scarpetta,Scarpetta,Kay,01/01/1970,,,,,123 Rue Bidon,12345 Condat,2016,2015,21/08/2016,11/06/2016,2,Divorcé,2,20 000 €,20 000 €,0 €,0 €,1 500 €
1000000000007+1000000000007,Castle,Castle,Richard,01/01/1970,Beckett,Beckett,Kate,01/01/1970,123 Rue Bidon,12345 Condat,2017,2016,21/08/2017,11/06/2017,3,Pacsé,3,20 000 €,20 000 €,0 €,0 €,21 600 €
1000000000007+1000000000008,Castle,Castle,Richard,01/01/1970,Beckett,Beckett,Kate,01/01/1970,123 Rue Bidon,12345 Condat,2016,2015,21/08/2016,11/06/2016,3,Pacsé,3,20 000 €,20 000 €,0 €,0 €,26 000 €
1000000000009+1000000000009,Holmes,Holmes,Sherlock,01/01/1970,,,,,123 Rue Bidon,12345 Condat,2017,2016,21/08/2017,11/06/2017,2,Veuf,2,20 000 €,20 000 €,0 €,0 €,12 000 €
1000000000009+1000000000010,Holmes,Holmes,Sherlock,01/01/1970,Holmes,Holmes,Anne,01/01/1970,123 Rue Bidon,12345 Condat,2016,2015,21/08/2016,11/06/2016,2,Marié,2,20 000 €,20 000 €,0 €,0 €,30 000 €
1000000000011+1000000000011,Marple,Marple,Jane,01/01/1970,,,,,123 Rue Bidon,12345 Condat,2017,2016,21/08/2017,11/06/2017,3,Divorcé,3,20 000 €,20 000 €,0 €,0 €,3 200 €
1000000000011+1000000000012,Marple,Marple,Jane,01/01/1970,,,,,123 Rue Bidon,12345 Condat,2016,2015,21/08/2017,11/06/2017,2,Divorcé,2,20 000 €,20 000 €,0 €,0 €,2 500 €
2000000000000+2000000000000,Maigret,Maigret,Jules,01/01/1970,Maigret,Maigrette,Juliette,01/01/1970,123 Rue Bidon,12345 Condat,2016,2015,21/08/2015,11/06/2015,2,Marié,1,20 000 €,20 000 €,0 €,0 €,17 827 €
2000000000001+2000000000001,Burma,Burma,Nestor,01/01/1970,Burma,Burmama,Amande,01/01/1970,123 Rue Bidon,12345 Condat,2017,2016,21/08/2016,11/06/2016,1,Marié,1,20 000 €,20 000 €,0 €,0 €,17 827 €
2000000000002+2000000000002,Marcas,Marcas,Antoine,01/01/1970,,,,,123 Rue Bidon,12345 Condat,2017,2016,21/08/2016,11/06/2016,1,Célibataire,2,20 000 €,20 000 €,0 €,0 €,15 396 €
2000000000003+2000000000003,Reilly,Reilly,Sean,01/01/1970,,,,,123 Rue Bidon,12345 Condat,2017,2016,21/08/2016,11/06/2016,1,Divorcé,3,20 000 €,20 000 €,0 €,0 €,15 253 €
2000000000004+2000000000004,Castle,Castle,Richard,01/01/1970,Beckett,Beckett,Kate,01/01/1970,123 Rue Bidon,12345 Condat,2017,2016,21/08/2017,11/06/2017,3,Pacsé,4,20 000 €,20 000 €,0 €,0 €,14 059 €
2000000000005+2000000000005,Holmes,Holmes,Sherlock,01/01/1970,,,,,123 Rue Bidon,12345 Condat,2017,2016,21/08/2017,11/06/2017,2,Veuf,5,20 000 €,20 000 €,0 €,0 €,11 347 €
2000000000006+2000000000006,Starky,Starsky,David,01/01/1970,Hutch,Hutch,Hutch,01/01/1970,123 Rue Bidon,12345 Condat,2017,2016,21/08/2016,11/06/2016,1,Marié,6,20 000 €,20 000 €,0 €,0 €,7 365 €
2000000000007+2000000000007,Bolitar,Bolitar,Myron,01/01/1970,,,,,123 Rue Bidon,12345 Condat,2017,2016,21/08/2016,11/06/2016,1,Célibataire,7,20 000 €,20 000 €,0 €,0 €,37 023 €
2000000000008+2000000000008,Reilly,Reilly,Sean,01/01/1970,,,,,123 Rue Bidon,12345 Condat,2017,2016,21/08/2016,11/06/2016,1,Divorcé,8,20 000 €,20 000 €,0 €,0 €,35 926 €
2000000000009+2000000000009,Spade,Spade,Sam,01/01/1970,Marlowe,Marlowe,Philippe,01/01/1970,123 Rue Bidon,12345 Condat,2017,2016,21/08/2017,11/06/2017,3,Pacsé,9,20 000 €,20 000 €,0 €,0 €,30 509 €
2000000000010+2000000000010,Marple,Marple,Jane,01/01/1970,Poirot,Poirot,Hercule,,123 Rue Bidon,12345 Condat,2017,2016,21/08/2017,11/06/2017,2,Veuf,2,20 000 €,20 000 €,0 €,0 €,0 €
2000000000011+2000000000011,Adamsberg,Adamsberg,Jean,01/01/1970,Adamsberg,Adamsberg,Lili,01/01/1970,123 Rue Bidon,12345 Condat,2017,2016,21/08/2016,11/06/2016,1,Marié,1,20 000 €,20 000 €,0 €,0 €,Non renseigné
2000000000012+2000000000012,Scarpetta,Scarpetta,Kay,01/01/1970,,,,,123 Rue Bidon,12345 Condat,2017,2016,21/08/2016,11/06/2016,1,Célibataire,1,20 000 €,20 000 €,0 €,0 €,17 828 €
2000000000013+2000000000013,Chaykin,Chaykin,Tess,01/01/1970,,,,,123 Rue Bidon,12345 Condat,2017,2016,21/08/2016,11/06/2016,1,Divorcé,0,20 000 €,20 000 €,0 €,0 €,15 000 €
1782453447254+1769051442254,Beausoleil,Beausoleil,Henri,13/08/1967,Beausoleil,Cervántez,Armina,01/08/1947,34 Rue du Petit Chenois,25200 Montbéliard,2017,2016,10/10/2017,08/07/2017,2,Marié(e)s,2,26 922 €,26 922 €,2 165 €,2 165 €,26 922 €
1782453447251+1769051442251,Lévesque,Adrien,Emile,22/03/1985,Lévesque,Mailly,Liane,01/12/1973,3 Rue Jean Jaurès,25500 Morteau,2017,2016,10/10/2017,08/07/2017,2,Marié(e)s,2,18 410 €,18 410 €,2 165 €,2 165 €,18 410 €
1782453447252+1769051442252,Tessier,Tessier,Prunella,19/09/1954,,,,,1 Rue des Marronniers,25500 Morteau,2017,2016,10/10/2017,08/07/2017,1,Célibataire,1,18 409 €,18 409 €,2 165 €,2 165 €,18 409 €
1782453447253+1769051442253,Duval,Couet,Guillaume,13/08/1967,Duval,Duval,Mélodie,24/11/1967,1 Rossignier Haut,25570 Grand'Combe-Châteleu,2017,2016,10/10/2017,08/07/2017,2,Marié(e)s,2,21 000 €,21 000 €,2 165 €,2 165 €,21 000 €
25+16,Chabotte,Chabotte,Henri,16/02/1949,Chabotte,Allauge,Madeleine,03/06/1945,5 rue du Tacot,25660 Montrond-le-Château,2017,2016,13/07/2017,13/07/2017,2,Marié(e)s,0,16 550 €,16 550 €,0 €,0 €,16 550 €
1782453447334+1769051442334,Fiedler,Fiedler,Luc,11/11/1984,Grandjean,Grandjean,Ismane,21/02/1985,15 Rue Spont,31110 Bagnères-de-Luchon,2017,2016,21/08/2017,11/06/2017,4,Marié(e)s,4,48 751 €,48 751 €,1 432 €,1 432 €,48 751 €
1782453447332+1769051442332,Vallée,Vallée,Bruno,23/11/1979,Vallée,Cazares Aguirre,Valentina,11/08/1973,16 Rue de l'Europe,31140 Aucamville,2017,2016,21/08/2017,11/06/2017,3.5,Marié(e)s,3,43 296 €,43 296 €,1 432 €,1 432 €,43 296 €
1782453447333+1769051442333,Lombardo,Lombardo,René,23/11/1953,Lombardo,Petibon,Jaqueline,11/08/1954,61 Boulevard des Pyrénées,31370 Rieumes,2017,2016,21/08/2017,11/06/2017,4,Marié(e)s,4,38 031 €,38 031 €,1 132 €,1 132 €,38 031 €
1782453447331+1769051442331,Adamski,Adamski,Benoît,23/11/1964,,,,,15 Rue d’Auriol,31400 Toulouse,2017,2016,21/08/2017,11/06/2017,3,Célibataire,4,33 775 €,33 775 €,731€,731€,33 775 €
1782453447621+1769051442621,Kalb,Kalb,Sabrina,11/11/1983,,,,,4 Rue Camille Pissarro,62000 Arras,2017,2016,21/08/2017,11/06/2017,1,Célibataire,1,18 876 €,18 876 €,0 €,0 €,18 876 €
1782453447623+1769051442623,Panetier,Panetier,Raymond,18/11/1955,Panetier,Allard,Yseult,13/01/1956,77B Rue Voltaire,62100 Calais,2017,2016,21/08/2017,11/06/2017,2.5,Marié(e)s,1,25 258 €,25 258 €,0 €,0 €,25 258 €
1782453447624+1769051442624,Cruz Baeza,Cruz Baeza,Roxanne,13/04,,,,,18 Rue du Général Potez,62170 Montreuil,2017,2016,21/08/2017,11/06/2017,1,Célibataire,1,20 000 €,20 000 €,0 €,0 €,20 000 €
1782453447622+1769051442622,Jarir,Jarir,Sammy,15/02/1987,,,,,18 Rue Wallet,62200 Boulogne-sur-Mer,2017,2016,21/08/2017,11/06/2017,1,Célibataire,1,4 394 €,4 394 €,0 €,0 €,4 394 €
1782453447883+1769051442883,Moreau,Moreau,Denis,01/04/1971,Moreau,Guilmette,Sabine,19/11/1983,1 Rue de la Victoire,68700 Wattwiller,2017,2016,13/07/2017,13/07/2017,3,Marié(e)s,3,29 505 €,29 505 €,2 165 €,2 165 €,29 505 €
1782453447881+1769051442881,Gareau,Gareau,Idris,01/04/1971,Hactel,Hactel,Yanis,04/02/1978,13 Rue des Chênes,68800 Vieux-Thann,2017,2016,13/07/2017,13/07/2017,3,Marié(e)s,2,25 256 €,25 256 €,2 165 €,2 165 €,25 256 €
12+16,Martin,Martin,Pierre,22/03/1985,Martin,Honore,Marie,03/04/1986,12 rue Balzac,75008 Paris,2017,2016,09/10/2016,07/07/2016,2,Marié(e)s,2,29 880 €,29 880 €,2 165 €,2 165 €,29 880 €
88+16,Durano,Durano,Emile,22/03/1985,Durano,Martin,Marianne,03/04/1986,14 rue du Ponant,88000 Epinal,2017,2016,10/10/2017,08/07/2017,2,Marié(e)s,2,29 880 €,29 880 €,2 165 €,2 165 €,29 880 €
1782453447884+1769051442884,Fouquet,Fouquet,Soren,01/04/1978,Quessy,Quessy,Mireille,19/11/1982,1 Rue de la Gare,88310 Cornimont,2017,2016,13/07/2017,13/07/2017,3,Marié(e)s,3,37 825 €,37 825 €,2 665 €,2 665 €,37 825 €
1782453447882+1769051442882,Landry,Landry,Alphonse,06/05/1979,Landry,Corbin,Éloïse,03/06/1975,5 Rue Charles Derise,88500 Mirecourt,2017,2016,13/07/2017,13/07/2017,2,Marié(e)s,1,32 376 €,32 376 €,2 165 €,2 165 €,32 376 €
1782453447954+1769051442954,Loiseau,Loiseau,Marc,23/11/1979,Ijlal Shamon,Ijlal Shamon,Lucie,21/09/1977,7 Rue de la Pierre Miclare,95000 Cergy,2017,2016,13/08/2017,11/06/2017,4,Marié(e)s,4,48 751 €,48 751 €,1 123 €,1 123 €,48 751 €
1782453447953+1769051442953,Vela Cotto,Pabst,Swen,28/11/1990,Vela Cotto,Vela Cotto,Alegra,03/03/1988,14 Avenue du Dr Charles Fritz,95290 L'Isle-Adam,2017,2016,18/09/2017,11/06/2017,4,Marié(e)s,4,38 031 €,38 031 €,0 €,0 €,38 031 €
952+16,SAFO,SAFO,Jean-Pierre,06/05/1979,SAFO,Alloui,Christelle,03/06/1975,1 boulevard Jacques Tête,95300 Pontoise,2017,2016,13/07/2017,13/07/2017,2,Marié(e)s,0,16 550 €,16 550 €,0 €,0 €,16 550 €
95+16,RAFU,RAFU,Caroline,06/05/1979,,,,,27 rue des Ecoles,95610 Eragny,2017,2016,13/07/2017,13/07/2017,2,Célibataire,1,10 250 €,10 250 €,0 €,0 €,10 250 €
1782453447952+1769051442952,Cruz,Cruz,Albert,06/05/1947,Cruz,Querry,Denise,03/06/1945,10 Cours du Puits,95690 Labbeville,2017,2016,13/07/2017,13/07/2017,2,Marié(e)s,0,35 509 €,35 509 €,992€,992€,35 509 €
1782453447951+1769051442951,Mailloux,Mailloux,Jay,14/02/1945,,,,,1 Rue des Frères Rousse,95780 La Roche-Guyon,2017,2016,13/07/2017,13/07/2017,1,Célibataire,1,19 875 €,19 875 €,0 €,0 €,19 875 €
17025FORMA001+17025FORMA001,MARTIN 25,MARTIN 25,Jean-étienne,13/08/1967,MARTIN 25,BONNET,Sylvie,01/08/1947,3 Rue Jean Jaurès,25500 Morteau,2017,2016,10/10/2017,08/07/2017,2,Marié(e)s,2,26 922 €,26 922 €,2 165 €,2 165 €,26 922 €
17025FORMA002+17025FORMA002,BERNARD 25,BERNARD 25,Philippe,22/03/1985,BERNARD 25,DUPONT,Nathalie,01/12/1973,1 Rue des Marronniers,25500 Morteau,2017,2016,10/10/2017,08/07/2017,2,Marié(e)s,2,18 410 €,18 410 €,2 165 €,2 165 €,18 410 €
17025FORMA003+17025FORMA003,THOMAS 25,THOMAS 25,Michel,19/09/1954,,,,,1 Rossignier Haut,25570 Grand'Combe-Châteleu,2017,2016,10/10/2017,08/07/2017,1,Célibataire,1,18 409 €,18 409 €,2 165 €,2 165 €,18 409 €
17025FORMA004+17025FORMA004,PETIT 25,PETIT 25,Alain,13/08/1967,PETIT 25,FONTAINE,Rosette,24/11/1967,5 rue du Tacot,25660 Montrond-le-Château,2017,2016,10/10/2017,08/07/2017,2,Marié(e)s,2,21 000 €,21 000 €,2 165 €,2 165 €,21 000 €
17025FORMA005+17025FORMA005,ROBERT 25,ROBERT 25,Patrick,16/02/1949,,,,,3 Rue Jean Jaurès,25500 Morteau,2017,2016,13/07/2017,13/07/2017,1,Célibataire,1,16 550 €,16 550 €,0 €,0 €,16 550 €
17025FORMA006+17025FORMA006,RICHARD 25,RICHARD 25,Nicolas,13/08/1967,RICHARD 25,VINCENT,Françoise,13/08/1967,1 Rue des Marronniers,25500 Morteau,2017,2016,10/10/2017,08/07/2017,4,Marié(e)s,4,48 751 €,48 751 €,1 432 €,1 432 €,48 751 €
17025FORMA007+17025FORMA007,DURAND 25,DURAND 25,Christophe,22/03/1985,,,,,1 Rossignier Haut,25570 Grand'Combe-Châteleu,2017,2016,10/10/2017,08/07/2017,2,Célibataire,2,43 296 €,43 296 €,1 432 €,1 432 €,43 296 €
17025FORMA008+17025FORMA008,DUBOIS 25,DUBOIS 25,Pierre,19/09/1954,DUBOIS 25,LEFEVRE,Alain,16/02/1949,5 rue du Tacot,25660 Montrond-le-Château,2017,2016,10/10/2017,08/07/2017,5,Marié(e)s,5,38 031 €,38 031 €,1 132 €,1 132 €,38 031 €
17025FORMA009+17025FORMA009,MOREAU 25,MOREAU 25,Christian,13/08/1967,,,,,3 Rue Jean Jaurès,25500 Morteau,2017,2016,10/10/2017,08/07/2017,1,Célibataire,1,33 775 €,33 775 €,731€,731€,33 775 €
17025FORMA010+17025FORMA010,LAURENT 25,LAURENT 25,Éric,16/02/1949,,,,,1 Rue des Marronniers,25500 Morteau,2017,2016,13/07/2017,13/07/2017,1,Célibataire,1,18 876 €,18 876 €,0 €,0 €,18 876 €
17025FORMA011+17025FORMA011,SIMON 25,SIMON 25,Frédéric,16/02/1949,SIMON 25,MERCIER,Amina,19/09/1954,1 Rossignier Haut,25570 Grand'Combe-Châteleu,2017,2016,10/10/2017,08/07/2017,2,Marié(e)s,2,25 258 €,25 258 €,0 €,0 €,25 258 €
17025FORMA012+17025FORMA012,MICHEL 25,MICHEL 25,Laurent,13/08/1967,MICHEL 25,BLANC,Isabelle,13/08/1967,5 rue du Tacot,25660 Montrond-le-Château,2017,2016,10/10/2017,08/07/2017,2,Marié(e)s,2,20 000 €,20 000 €,0 €,0 €,20 000 €
17025FORMA013+17025FORMA013,LEFEBVRE 25,LEFEBVRE 25,Stéphane,22/03/1985,,,,,3 Rue Jean Jaurès,25500 Morteau,2017,2016,10/10/2017,08/07/2017,3,Célibataire,3,4 394 €,4 394 €,0 €,0 €,4 394 €
17025FORMA014+17025FORMA014,LEROY 25,LEROY 25,David,19/09/1954,LEROY 25,BOYER,Catherine,13/08/1967,1 Rue des Marronniers,25500 Morteau,2017,2016,10/10/2017,08/07/2017,2,Marié(e)s,2,29 505 €,29 505 €,2 165 €,2 165 €,29 505 €
17025FORMA015+17025FORMA015,ROUX 25,ROUX 25,Pascal,13/08/1967,,,,,1 Rossignier Haut,25570 Grand'Combe-Châteleu,2017,2016,13/07/2017,13/07/2017,3,Célibataire,3,25 256 €,25 256 €,2 165 €,2 165 €,25 256 €
17025FORMA016+17025FORMA016,DAVID 25,DAVID 25,Daniel,16/02/1949,DAVID 25,CHEVALIER,Rose,19/09/1954,5 rue du Tacot,25660 Montrond-le-Château,2017,2016,10/10/2017,08/07/2017,2,Marié(e)s,2,29 880 €,29 880 €,2 165 €,2 165 €,29 880 €
17025FORMA017+17025FORMA017,BERTRAND 25,BERTRAND 25,Alexandre,13/08/1967,,,,,3 Rue Jean Jaurès,25500 Morteau,2017,2016,10/10/2017,08/07/2017,1,Célibataire,1,29 880 €,29 880 €,2 165 €,2 165 €,29 880 €
17025FORMA018+17025FORMA018,MOREL 25,MOREL 25,Julien,22/03/1985,MOREL 25,LEGRAND,Florence,01/08/1947,1 Rue des Marronniers,25500 Morteau,2017,2016,10/10/2017,08/07/2017,2,Marié(e)s,2,37 825 €,37 825 €,2 665 €,2 665 €,37 825 €
17025FORMA019+17025FORMA019,FOURNIER 25,FOURNIER 25,Thierry,19/09/1954,,,,,1 Rossignier Haut,25570 Grand'Combe-Châteleu,2017,2016,10/10/2017,08/07/2017,1,Célibataire,1,32 376 €,32 376 €,2 165 €,2 165 €,32 376 €
17025FORMA020+17025FORMA020,GIRARD 25,GIRARD 25,Olivier,13/08/1967,,,,,5 rue du Tacot,25660 Montrond-le-Château,2017,2016,13/07/2017,13/07/2017,1,Célibataire,1,48 751 €,48 751 €,1 123 €,1 123 €,48 751 €
17088FORMA001+17088FORMA001,MARTIN 88,MARTIN 88,Jean-étienne,13/08/1967,MARTIN 88,BONNET,Sylvie,01/08/1947,1 Rue de la Gare,88310 Cornimont,2017,2016,10/10/2017,08/07/2017,2,Marié(e)s,2,26 922 €,26 922 €,2 165 €,2 165 €,26 922 €
17088FORMA002+17088FORMA002,BERNARD 88,BERNARD 88,Philippe,22/03/1985,BERNARD 88,DUPONT,Nathalie,01/12/1973,5 Rue Charles Derise,88500 Mirecourt,2017,2016,10/10/2017,08/07/2017,2,Marié(e)s,2,18 410 €,18 410 €,2 165 €,2 165 €,18 410 €
17088FORMA003+17088FORMA003,THOMAS 88,THOMAS 88,Michel,19/09/1954,,,,,1 Rue de la Gare,88310 Cornimont,2017,2016,10/10/2017,08/07/2017,1,Célibataire,1,18 409 €,18 409 €,2 165 €,2 165 €,18 409 €
17088FORMA004+17088FORMA004,PETIT 88,PETIT 88,Alain,13/08/1967,PETIT 88,FONTAINE,Rosette,24/11/1967,5 Rue Charles Derise,88500 Mirecourt,2017,2016,10/10/2017,08/07/2017,2,Marié(e)s,2,21 000 €,21 000 €,2 165 €,2 165 €,21 000 €
17088FORMA005+17088FORMA005,ROBERT 88,ROBERT 88,Patrick,16/02/1949,,,,,1 Rue de la Gare,88310 Cornimont,2017,2016,13/07/2017,13/07/2017,1,Célibataire,1,16 550 €,16 550 €,0 €,0 €,16 550 €
17088FORMA006+17088FORMA006,RICHARD 88,RICHARD 88,Nicolas,13/08/1967,RICHARD 88,VINCENT,Françoise,13/08/1967,5 Rue Charles Derise,88500 Mirecourt,2017,2016,10/10/2017,08/07/2017,4,Marié(e)s,4,48 751 €,48 751 €,1 432 €,1 432 €,48 751 €
17088FORMA007+17088FORMA007,DURAND 88,DURAND 88,Christophe,22/03/1985,,,,,1 Rue de la Gare,88310 Cornimont,2017,2016,10/10/2017,08/07/2017,2,Célibataire,2,43 296 €,43 296 €,1 432 €,1 432 €,43 296 €
17088FORMA008+17088FORMA008,DUBOIS 88,DUBOIS 88,Pierre,19/09/1954,DUBOIS 88,LEFEVRE,Alain,16/02/1949,5 Rue Charles Derise,88500 Mirecourt,2017,2016,10/10/2017,08/07/2017,5,Marié(e)s,5,38 031 €,38 031 €,1 132 €,1 132 €,38 031 €
17088FORMA009+17088FORMA009,MOREAU 88,MOREAU 88,Christian,13/08/1967,,,,,1 Rue de la Gare,88310 Cornimont,2017,2016,10/10/2017,08/07/2017,1,Célibataire,1,33 775 €,33 775 €,731€,731€,33 775 €
17088FORMA010+17088FORMA010,LAURENT 88,LAURENT 88,Éric,16/02/1949,,,,,5 Rue Charles Derise,88500 Mirecourt,2017,2016,13/07/2017,13/07/2017,1,Célibataire,1,18 876 €,18 876 €,0 €,0 €,18 876 €
17088FORMA011+17088FORMA011,SIMON 88,SIMON 88,Frédéric,16/02/1949,SIMON 88,MERCIER,Amina,19/09/1954,1 Rue de la Gare,88310 Cornimont,2017,2016,10/10/2017,08/07/2017,2,Marié(e)s,2,25 258 €,25 258 €,0 €,0 €,25 258 €
17088FORMA012+17088FORMA012,MICHEL 88,MICHEL 88,Laurent,13/08/1967,MICHEL 88,BLANC,Isabelle,13/08/1967,5 Rue Charles Derise,88500 Mirecourt,2017,2016,10/10/2017,08/07/2017,2,Marié(e)s,2,20 000 €,20 000 €,0 €,0 €,20 000 €
17088FORMA013+17088FORMA013,LEFEBVRE 88,LEFEBVRE 88,Stéphane,22/03/1985,,,,,1 Rue de la Gare,88310 Cornimont,2017,2016,10/10/2017,08/07/2017,3,Célibataire,3,4 394 €,4 394 €,0 €,0 €,4 394 €
17088FORMA014+17088FORMA014,LEROY 88,LEROY 88,David,19/09/1954,LEROY 88,BOYER,Catherine,13/08/1967,5 Rue Charles Derise,88500 Mirecourt,2017,2016,10/10/2017,08/07/2017,2,Marié(e)s,2,29 505 €,29 505 €,2 165 €,2 165 €,29 505 €
17088FORMA015+17088FORMA015,ROUX 88,ROUX 88,Pascal,13/08/1967,,,,,1 Rue de la Gare,88310 Cornimont,2017,2016,13/07/2017,13/07/2017,3,Célibataire,3,25 256 €,25 256 €,2 165 €,2 165 €,25 256 €
17088FORMA016+17088FORMA016,DAVID 88,DAVID 88,Daniel,16/02/1949,DAVID 88,CHEVALIER,Rose,19/09/1954,5 Rue Charles Derise,88500 Mirecourt,2017,2016,10/10/2017,08/07/2017,2,Marié(e)s,2,29 880 €,29 880 €,2 165 €,2 165 €,29 880 €
17088FORMA017+17088FORMA017,BERTRAND 88,BERTRAND 88,Alexandre,13/08/1967,,,,,1 Rue de la Gare,88310 Cornimont,2017,2016,10/10/2017,08/07/2017,1,Célibataire,1,29 880 €,29 880 €,2 165 €,2 165 €,29 880 €
17088FORMA018+17088FORMA018,MOREL 88,MOREL 88,Julien,22/03/1985,MOREL 88,LEGRAND,Florence,01/08/1947,5 Rue Charles Derise,88500 Mirecourt,2017,2016,10/10/2017,08/07/2017,2,Marié(e)s,2,37 825 €,37 825 €,2 665 €,2 665 €,37 825 €
17088FORMA019+17088FORMA019,FOURNIER 88,FOURNIER 88,Thierry,19/09/1954,,,,,1 Rue de la Gare,88310 Cornimont,2017,2016,10/10/2017,08/07/2017,1,Célibataire,1,32 376 €,32 376 €,2 165 €,2 165 €,32 376 €
17088FORMA020+17088FORMA020,GIRARD 88,GIRARD 88,Olivier,13/08/1967,,,,,5 Rue Charles Derise,88500 Mirecourt,2017,2016,13/07/2017,13/07/2017,1,Célibataire,1,48 751 €,48 751 €,1 123 €,1 123 €,48 751 €
17062FORMA001+17062FORMA001,MARTIN 62,MARTIN 62,Jean-étienne,13/08/1967,MARTIN 62,BONNET,Sylvie,01/08/1947,4 Rue Camille Pissarro,62000 Arras,2017,2016,10/10/2017,08/07/2017,2,Marié(e)s,2,26 922 €,26 922 €,2 165 €,2 165 €,26 922 €
17062FORMA002+17062FORMA002,BERNARD 62,BERNARD 62,Philippe,22/03/1985,BERNARD 62,DUPONT,Nathalie,01/12/1973,18 Rue du Général Potez,62170 Montreuil,2017,2016,10/10/2017,08/07/2017,2,Marié(e)s,2,18 410 €,18 410 €,2 165 €,2 165 €,18 410 €
17062FORMA003+17062FORMA003,THOMAS 62,THOMAS 62,Michel,19/09/1954,,,,,4 Rue Camille Pissarro,62000 Arras,2017,2016,10/10/2017,08/07/2017,1,Célibataire,1,18 409 €,18 409 €,2 165 €,2 165 €,18 409 €
17062FORMA004+17062FORMA004,PETIT 62,PETIT 62,Alain,13/08/1967,PETIT 62,FONTAINE,Rosette,24/11/1967,18 Rue du Général Potez,62170 Montreuil,2017,2016,10/10/2017,08/07/2017,2,Marié(e)s,2,21 000 €,21 000 €,2 165 €,2 165 €,21 000 €
17062FORMA005+17062FORMA005,ROBERT 62,ROBERT 62,Patrick,16/02/1949,,,,,4 Rue Camille Pissarro,62000 Arras,2017,2016,13/07/2017,13/07/2017,1,Célibataire,1,16 550 €,16 550 €,0 €,0 €,16 550 €
17062FORMA006+17062FORMA006,RICHARD 62,RICHARD 62,Nicolas,13/08/1967,RICHARD 62,VINCENT,Françoise,13/08/1967,18 Rue du Général Potez,62170 Montreuil,2017,2016,10/10/2017,08/07/2017,4,Marié(e)s,4,48 751 €,48 751 €,1 432 €,1 432 €,48 751 €
17062FORMA007+17062FORMA007,DURAND 62,DURAND 62,Christophe,22/03/1985,,,,,4 Rue Camille Pissarro,62000 Arras,2017,2016,10/10/2017,08/07/2017,2,Célibataire,2,43 296 €,43 296 €,1 432 €,1 432 €,43 296 €
17062FORMA008+17062FORMA008,DUBOIS 62,DUBOIS 62,Pierre,19/09/1954,DUBOIS 62,LEFEVRE,Alain,16/02/1949,18 Rue du Général Potez,62170 Montreuil,2017,2016,10/10/2017,08/07/2017,5,Marié(e)s,5,38 031 €,38 031 €,1 132 €,1 132 €,38 031 €
17062FORMA009+17062FORMA009,MOREAU 62,MOREAU 62,Christian,13/08/1967,,,,,4 Rue Camille Pissarro,62000 Arras,2017,2016,10/10/2017,08/07/2017,1,Célibataire,1,33 775 €,33 775 €,731€,731€,33 775 €
17062FORMA010+17062FORMA010,LAURENT 62,LAURENT 62,Éric,16/02/1949,,,,,18 Rue du Général Potez,62170 Montreuil,2017,2016,13/07/2017,13/07/2017,1,Célibataire,1,18 876 €,18 876 €,0 €,0 €,18 876 €
17062FORMA011+17062FORMA011,SIMON 62,SIMON 62,Frédéric,16/02/1949,SIMON 62,MERCIER,Amina,19/09/1954,4 Rue Camille Pissarro,62000 Arras,2017,2016,10/10/2017,08/07/2017,2,Marié(e)s,2,25 258 €,25 258 €,0 €,0 €,25 258 €
17062FORMA012+17062FORMA012,MICHEL 62,MICHEL 62,Laurent,13/08/1967,MICHEL 62,BLANC,Isabelle,13/08/1967,18 Rue du Général Potez,62170 Montreuil,2017,2016,10/10/2017,08/07/2017,2,Marié(e)s,2,20 000 €,20 000 €,0 €,0 €,20 000 €
17062FORMA013+17062FORMA013,LEFEBVRE 62,LEFEBVRE 62,Stéphane,22/03/1985,,,,,4 Rue Camille Pissarro,62000 Arras,2017,2016,10/10/2017,08/07/2017,3,Célibataire,3,4 394 €,4 394 €,0 €,0 €,4 394 €
17062FORMA014+17062FORMA014,LEROY 62,LEROY 62,David,19/09/1954,LEROY 62,BOYER,Catherine,13/08/1967,18 Rue du Général Potez,62170 Montreuil,2017,2016,10/10/2017,08/07/2017,2,Marié(e)s,2,29 505 €,29 505 €,2 165 €,2 165 €,29 505 €
17062FORMA015+17062FORMA015,ROUX 62,ROUX 62,Pascal,13/08/1967,,,,,4 Rue Camille Pissarro,62000 Arras,2017,2016,13/07/2017,13/07/2017,3,Célibataire,3,25 256 €,25 256 €,2 165 €,2 165 €,25 256 €
17062FORMA016+17062FORMA016,DAVID 62,DAVID 62,Daniel,16/02/1949,DAVID 62,CHEVALIER,Rose,19/09/1954,18 Rue du Général Potez,62170 Montreuil,2017,2016,10/10/2017,08/07/2017,2,Marié(e)s,2,29 880 €,29 880 €,2 165 €,2 165 €,29 880 €
17062FORMA017+17062FORMA017,BERTRAND 62,BERTRAND 62,Alexandre,13/08/1967,,,,,4 Rue Camille Pissarro,62000 Arras,2017,2016,10/10/2017,08/07/2017,1,Célibataire,1,29 880 €,29 880 €,2 165 €,2 165 €,29 880 €
17062FORMA018+17062FORMA018,MOREL 62,MOREL 62,Julien,22/03/1985,MOREL 62,LEGRAND,Florence,01/08/1947,18 Rue du Général Potez,62170 Montreuil,2017,2016,10/10/2017,08/07/2017,2,Marié(e)s,2,37 825 €,37 825 €,2 665 €,2 665 €,37 825 €
17062FORMA019+17062FORMA019,FOURNIER 62,FOURNIER 62,Thierry,19/09/1954,,,,,4 Rue Camille Pissarro,62000 Arras,2017,2016,10/10/2017,08/07/2017,1,Célibataire,1,32 376 €,32 376 €,2 165 €,2 165 €,32 376 €
17062FORMA020+17062FORMA020,GIRARD 62,GIRARD 62,Olivier,13/08/1967,,,,,18 Rue du Général Potez,62170 Montreuil,2017,2016,13/07/2017,13/07/2017,1,Célibataire,1,48 751 €,48 751 €,1 123 €,1 123 €,48 751 €
17031FORMA001+17031FORMA001,MARTIN 31,MARTIN 31,Jean-étienne,13/08/1967,MARTIN 31,BONNET,Sylvie,01/08/1947,15 Rue d’Auriol,31400 Toulouse,2017,2016,10/10/2017,08/07/2017,2,Marié(e)s,2,26 922 €,26 922 €,2 165 €,2 165 €,26 922 €
17031FORMA002+17031FORMA002,BERNARD 31,BERNARD 31,Philippe,22/03/1985,BERNARD 31,DUPONT,Nathalie,01/12/1973,16 Rue de l'Europe,31140 Aucamville,2017,2016,10/10/2017,08/07/2017,2,Marié(e)s,2,18 410 €,18 410 €,2 165 €,2 165 €,18 410 €
17031FORMA003+17031FORMA003,THOMAS 31,THOMAS 31,Michel,19/09/1954,,,,,15 Rue d’Auriol,31400 Toulouse,2017,2016,10/10/2017,08/07/2017,1,Célibataire,1,18 409 €,18 409 €,2 165 €,2 165 €,18 409 €
17031FORMA004+17031FORMA004,PETIT 31,PETIT 31,Alain,13/08/1967,PETIT 31,FONTAINE,Rosette,24/11/1967,16 Rue de l'Europe,31140 Aucamville,2017,2016,10/10/2017,08/07/2017,2,Marié(e)s,2,21 000 €,21 000 €,2 165 €,2 165 €,21 000 €
17031FORMA005+17031FORMA005,ROBERT 31,ROBERT 31,Patrick,16/02/1949,,,,,15 Rue d’Auriol,31400 Toulouse,2017,2016,13/07/2017,13/07/2017,1,Célibataire,1,16 550 €,16 550 €,0 €,0 €,16 550 €
17031FORMA006+17031FORMA006,RICHARD 31,RICHARD 31,Nicolas,13/08/1967,RICHARD 31,VINCENT,Françoise,13/08/1967,16 Rue de l'Europe,31140 Aucamville,2017,2016,10/10/2017,08/07/2017,4,Marié(e)s,4,48 751 €,48 751 €,1 432 €,1 432 €,48 751 €
17031FORMA007+17031FORMA007,DURAND 31,DURAND 31,Christophe,22/03/1985,,,,,15 Rue d’Auriol,31400 Toulouse,2017,2016,10/10/2017,08/07/2017,2,Célibataire,2,43 296 €,43 296 €,1 432 €,1 432 €,43 296 €
17031FORMA008+17031FORMA008,DUBOIS 31,DUBOIS 31,Pierre,19/09/1954,DUBOIS 31,LEFEVRE,Alain,16/02/1949,16 Rue de l'Europe,31140 Aucamville,2017,2016,10/10/2017,08/07/2017,5,Marié(e)s,5,38 031 €,38 031 €,1 132 €,1 132 €,38 031 €
17031FORMA009+17031FORMA009,MOREAU 31,MOREAU 31,Christian,13/08/1967,,,,,15 Rue d’Auriol,31400 Toulouse,2017,2016,10/10/2017,08/07/2017,1,Célibataire,1,33 775 €,33 775 €,731€,731€,33 775 €
17031FORMA010+17031FORMA010,LAURENT 31,LAURENT 31,Éric,16/02/1949,,,,,16 Rue de l'Europe,31140 Aucamville,2017,2016,13/07/2017,13/07/2017,1,Célibataire,1,18 876 €,18 876 €,0 €,0 €,18 876 €
17031FORMA011+17031FORMA011,SIMON 31,SIMON 31,Frédéric,16/02/1949,SIMON 31,MERCIER,Amina,19/09/1954,15 Rue d’Auriol,31400 Toulouse,2017,2016,10/10/2017,08/07/2017,2,Marié(e)s,2,25 258 €,25 258 €,0 €,0 €,25 258 €
17031FORMA012+17031FORMA012,MICHEL 31,MICHEL 31,Laurent,13/08/1967,MICHEL 31,BLANC,Isabelle,13/08/1967,16 Rue de l'Europe,31140 Aucamville,2017,2016,10/10/2017,08/07/2017,2,Marié(e)s,2,20 000 €,20 000 €,0 €,0 €,20 000 €
17031FORMA013+17031FORMA013,LEFEBVRE 31,LEFEBVRE 31,Stéphane,22/03/1985,,,,,15 Rue d’Auriol,31400 Toulouse,2017,2016,10/10/2017,08/07/2017,3,Célibataire,3,4 394 €,4 394 €,0 €,0 €,4 394 €
17031FORMA014+17031FORMA014,LEROY 31,LEROY 31,David,19/09/1954,LEROY 31,BOYER,Catherine,13/08/1967,16 Rue de l'Europe,31140 Aucamville,2017,2016,10/10/2017,08/07/2017,2,Marié(e)s,2,29 505 €,29 505 €,2 165 €,2 165 €,29 505 €
17031FORMA015+17031FORMA015,ROUX 31,ROUX 31,Pascal,13/08/1967,,,,,15 Rue d’Auriol,31400 Toulouse,2017,2016,13/07/2017,13/07/2017,3,Célibataire,3,25 256 €,25 256 €,2 165 €,2 165 €,25 256 €
17031FORMA016+17031FORMA016,DAVID 31,DAVID 31,Daniel,16/02/1949,DAVID 31,CHEVALIER,Rose,19/09/1954,16 Rue de l'Europe,31140 Aucamville,2017,2016,10/10/2017,08/07/2017,2,Marié(e)s,2,29 880 €,29 880 €,2 165 €,2 165 €,29 880 €
17031FORMA017+17031FORMA017,BERTRAND 31,BERTRAND 31,Alexandre,13/08/1967,,,,,15 Rue d’Auriol,31400 Toulouse,2017,2016,10/10/2017,08/07/2017,1,Célibataire,1,29 880 €,29 880 €,2 165 €,2 165 €,29 880 €
17031FORMA018+17031FORMA018,MOREL 31,MOREL 31,Julien,22/03/1985,MOREL 31,LEGRAND,Florence,01/08/1947,16 Rue de l'Europe,31140 Aucamville,2017,2016,10/10/2017,08/07/2017,2,Marié(e)s,2,37 825 €,37 825 €,2 665 €,2 665 €,37 825 €
17031FORMA019+17031FORMA019,FOURNIER 31,FOURNIER 31,Thierry,19/09/1954,,,,,15 Rue d’Auriol,31400 Toulouse,2017,2016,10/10/2017,08/07/2017,1,Célibataire,1,32 376 €,32 376 €,2 165 €,2 165 €,32 376 €
17031FORMA020+17031FORMA020,GIRARD 31,GIRARD 31,Olivier,13/08/1967,,,,,16 Rue de l'Europe,31140 Aucamville,2017,2016,13/07/2017,13/07/2017,1,Célibataire,1,48 751 €,48 751 €,1 123 €,1 123 €,48 751 €
17095FORMA001+17095FORMA001,MARTIN 95,MARTIN 95,Jean-étienne,13/08/1967,MARTIN 95,BONNET,Sylvie,01/08/1947,1 Rue des Frères Rousse,95780 La Roche-Guyon,2017,2016,10/10/2017,08/07/2017,2,Marié(e)s,2,26 922 €,26 922 €,2 165 €,2 165 €,26 922 €
17095FORMA002+17095FORMA002,BERNARD 95,BERNARD 95,Philippe,22/03/1985,BERNARD 95,DUPONT,Nathalie,01/12/1973,10 Cours du Puits,95690 Labbeville,2017,2016,10/10/2017,08/07/2017,2,Marié(e)s,2,18 410 €,18 410 €,2 165 €,2 165 €,18 410 €
17095FORMA003+17095FORMA003,THOMAS 95,THOMAS 95,Michel,19/09/1954,,,,,14 Avenue du Dr Charles Fritz,95290 L'Isle-Adam,2017,2016,10/10/2017,08/07/2017,1,Célibataire,1,18 409 €,18 409 €,2 165 €,2 165 €,18 409 €
17095FORMA004+17095FORMA004,PETIT 95,PETIT 95,Alain,13/08/1967,PETIT 95,FONTAINE,Rosette,24/11/1967,27 rue des Ecoles,95610 Eragny,2017,2016,10/10/2017,08/07/2017,2,Marié(e)s,2,21 000 €,21 000 €,2 165 €,2 165 €,21 000 €
17095FORMA005+17095FORMA005,ROBERT 95,ROBERT 95,Patrick,16/02/1949,,,,,1 Rue des Frères Rousse,95780 La Roche-Guyon,2017,2016,13/07/2017,13/07/2017,1,Célibataire,1,16 550 €,16 550 €,0 €,0 €,16 550 €
17095FORMA006+17095FORMA006,RICHARD 95,RICHARD 95,Nicolas,13/08/1967,RICHARD 95,VINCENT,Françoise,13/08/1967,10 Cours du Puits,95690 Labbeville,2017,2016,10/10/2017,08/07/2017,4,Marié(e)s,4,48 751 €,48 751 €,1 432 €,1 432 €,48 751 €
17095FORMA007+17095FORMA007,DURAND 95,DURAND 95,Christophe,22/03/1985,,,,,14 Avenue du Dr Charles Fritz,95290 L'Isle-Adam,2017,2016,10/10/2017,08/07/2017,2,Célibataire,2,43 296 €,43 296 €,1 432 €,1 432 €,43 296 €
17095FORMA008+17095FORMA008,DUBOIS 95,DUBOIS 95,Pierre,19/09/1954,DUBOIS 95,LEFEVRE,Alain,16/02/1949,27 rue des Ecoles,95610 Eragny,2017,2016,10/10/2017,08/07/2017,5,Marié(e)s,5,38 031 €,38 031 €,1 132 €,1 132 €,38 031 €
17095FORMA009+17095FORMA009,MOREAU 95,MOREAU 95,Christian,13/08/1967,,,,,1 Rue des Frères Rousse,95780 La Roche-Guyon,2017,2016,10/10/2017,08/07/2017,1,Célibataire,1,33 775 €,33 775 €,731€,731€,33 775 €
17095FORMA010+17095FORMA010,LAURENT 95,LAURENT 95,Éric,16/02/1949,,,,,10 Cours du Puits,95690 Labbeville,2017,2016,13/07/2017,13/07/2017,1,Célibataire,1,18 876 €,18 876 €,0 €,0 €,18 876 €
17095FORMA011+17095FORMA011,SIMON 95,SIMON 95,Frédéric,16/02/1949,SIMON 95,MERCIER,Amina,19/09/1954,14 Avenue du Dr Charles Fritz,95290 L'Isle-Adam,2017,2016,10/10/2017,08/07/2017,2,Marié(e)s,2,25 258 €,25 258 €,0 €,0 €,25 258 €
17095FORMA012+17095FORMA012,MICHEL 95,MICHEL 95,Laurent,13/08/1967,MICHEL 95,BLANC,Isabelle,13/08/1967,27 rue des Ecoles,95610 Eragny,2017,2016,10/10/2017,08/07/2017,2,Marié(e)s,2,20 000 €,20 000 €,0 €,0 €,20 000 €
17095FORMA013+17095FORMA013,LEFEBVRE 95,LEFEBVRE 95,Stéphane,22/03/1985,,,,,1 Rue des Frères Rousse,95780 La Roche-Guyon,2017,2016,10/10/2017,08/07/2017,3,Célibataire,3,4 394 €,4 394 €,0 €,0 €,4 394 €
17095FORMA014+17095FORMA014,LEROY 95,LEROY 95,David,19/09/1954,LEROY 95,BOYER,Catherine,13/08/1967,10 Cours du Puits,95690 Labbeville,2017,2016,10/10/2017,08/07/2017,2,Marié(e)s,2,29 505 €,29 505 €,2 165 €,2 165 €,29 505 €
17095FORMA015+17095FORMA015,ROUX 95,ROUX 95,Pascal,13/08/1967,,,,,14 Avenue du Dr Charles Fritz,95290 L'Isle-Adam,2017,2016,13/07/2017,13/07/2017,3,Célibataire,3,25 256 €,25 256 €,2 165 €,2 165 €,25 256 €
17095FORMA016+17095FORMA016,DAVID 95,DAVID 95,Daniel,16/02/1949,DAVID 95,CHEVALIER,Rose,19/09/1954,27 rue des Ecoles,95610 Eragny,2017,2016,10/10/2017,08/07/2017,2,Marié(e)s,2,29 880 €,29 880 €,2 165 €,2 165 €,29 880 €
17095FORMA017+17095FORMA017,BERTRAND 95,BERTRAND 95,Alexandre,13/08/1967,,,,,1 Rue des Frères Rousse,95780 La Roche-Guyon,2017,2016,10/10/2017,08/07/2017,1,Célibataire,1,29 880 €,29 880 €,2 165 €,2 165 €,29 880 €
17095FORMA018+17095FORMA018,MOREL 95,MOREL 95,Julien,22/03/1985,LEGRAND,LEGRAND,Florence,01/08/1947,10 Cours du Puits,95690 Labbeville,2017,2016,10/10/2017,08/07/2017,2,Marié(e)s,2,37 825 €,37 825 €,2 665 €,2 665 €,37 825 €
17095FORMA019+17095FORMA019,FOURNIER 95,FOURNIER 95,Thierry,19/09/1954,,,,,14 Avenue du Dr Charles Fritz,95290 L'Isle-Adam,2017,2016,10/10/2017,08/07/2017,1,Célibataire,1,32 376 €,32 376 €,2 165 €,2 165 €,32 376 €
17095FORMA020+17095FORMA020,GIRARD 95,GIRARD 95,Olivier,13/08/1967,,,,,27 rue des Ecoles,95610 Eragny,2017,2016,13/07/2017,13/07/2017,1,Célibataire,1,48 751 €,48 751 €,1 123 €,1 123 €,48 751 €
